adm0_id,adm0_name,adm1_id,adm1_name,mkt_id,mkt_name,cm_id,cm_name,cur_id,cur_name,pt_id,pt_name,um_id,um_name,mp_month,mp_year,mp_price,mp_commoditysource
271,Zimbabwe,3441,Masvingo,1905,Rutenga,50,Beans,28,USD,15,Retail,5,KG,5,2017,1.67,WFP Markets Monitoring System
271,Zimbabwe,3441,Masvingo,1905,Rutenga,50,Beans,28,USD,15,Retail,5,KG,1,2017,2.1,WFP Markets Monitoring System
271,Zimbabwe,3441,Masvingo,1905,Rutenga,50,Beans,28,USD,15,Retail,5,KG,2,2017,1.67,WFP Markets Monitoring System
271,Zimbabwe,3441,Masvingo,1905,Rutenga,50,Beans,28,USD,15,Retail,5,KG,4,2017,1.67,WFP Markets Monitoring System
271,Zimbabwe,3441,Masvingo,1905,Rutenga,50,Beans,28,USD,15,Retail,5,KG,3,2017,1.67,WFP Markets Monitoring System
271,Zimbabwe,3436,Harare,708,Mbare,50,Beans,28,USD,15,Retail,5,KG,2,2016,1.8,Ministry of Agriculture
271,Zimbabwe,3436,Harare,708,Mbare,50,Beans,28,USD,15,Retail,5,KG,8,2016,1.8,Agritex Markets Monitoring System
271,Zimbabwe,3436,Harare,708,Mbare,50,Beans,28,USD,15,Retail,5,KG,5,2016,1.8,Ministry of Agriculture
271,Zimbabwe,3436,Harare,708,Mbare,50,Beans,28,USD,15,Retail,5,KG,8,2014,2,WFP markets monitoring
271,Zimbabwe,3436,Harare,708,Mbare,50,Beans,28,USD,15,Retail,5,KG,4,2016,1.8,Ministry of Agriculture
271,Zimbabwe,3436,Harare,708,Mbare,50,Beans,28,USD,15,Retail,5,KG,2,2017,1.55,AGRITEX
271,Zimbabwe,3436,Harare,708,Mbare,50,Beans,28,USD,15,Retail,5,KG,7,2015,1.8,Ministry of Agriculture
271,Zimbabwe,3436,Harare,708,Mbare,50,Beans,28,USD,15,Retail,5,KG,8,2015,1.8,Ministry of Agriculture
271,Zimbabwe,3436,Harare,708,Mbare,50,Beans,28,USD,15,Retail,5,KG,6,2016,1.8,Ministry of Agriculture
271,Zimbabwe,3436,Harare,708,Mbare,50,Beans,28,USD,15,Retail,5,KG,9,2016,0.9,AGRITEX
271,Zimbabwe,3436,Harare,708,Mbare,50,Beans,28,USD,15,Retail,5,KG,1,2017,1.35,AGRITEX
271,Zimbabwe,3436,Harare,708,Mbare,50,Beans,28,USD,15,Retail,5,KG,12,2014,1.92,WFP markets monitoring
271,Zimbabwe,3436,Harare,708,Mbare,50,Beans,28,USD,15,Retail,5,KG,1,2016,1.8,Ministry of Agriculture
271,Zimbabwe,3436,Harare,708,Mbare,50,Beans,28,USD,15,Retail,5,KG,11,2015,1.8,Ministry of Agriculture
271,Zimbabwe,3436,Harare,708,Mbare,50,Beans,28,USD,15,Retail,5,KG,11,2016,1.1,AGRITEX
271,Zimbabwe,3436,Harare,708,Mbare,50,Beans,28,USD,15,Retail,5,KG,4,2015,1.71,Ministry of Agriculture
271,Zimbabwe,3436,Harare,708,Mbare,50,Beans,28,USD,15,Retail,5,KG,12,2015,1.8,Ministry of Agriculture
271,Zimbabwe,3436,Harare,708,Mbare,50,Beans,28,USD,15,Retail,5,KG,9,2014,1.98,WFP markets monitoring
271,Zimbabwe,3436,Harare,708,Mbare,50,Beans,28,USD,15,Retail,5,KG,6,2017,1.5,AGRITEX
271,Zimbabwe,3436,Harare,708,Mbare,50,Beans,28,USD,15,Retail,5,KG,7,2016,1.8,Ministry of Agriculture
271,Zimbabwe,3436,Harare,708,Mbare,50,Beans,28,USD,15,Retail,5,KG,10,2015,1.8,Ministry of Agriculture
271,Zimbabwe,3436,Harare,708,Mbare,50,Beans,28,USD,15,Retail,5,KG,4,2017,1.55,AGRITEX
271,Zimbabwe,3436,Harare,708,Mbare,50,Beans,28,USD,15,Retail,5,KG,6,2015,1,Ministry of Agriculture
271,Zimbabwe,3436,Harare,708,Mbare,50,Beans,28,USD,15,Retail,5,KG,10,2014,1.98,WFP markets monitoring
271,Zimbabwe,3436,Harare,708,Mbare,50,Beans,28,USD,15,Retail,5,KG,5,2015,1,Ministry of Agriculture
271,Zimbabwe,3436,Harare,708,Mbare,50,Beans,28,USD,15,Retail,5,KG,3,2016,1.8,Ministry of Agriculture
271,Zimbabwe,3436,Harare,708,Mbare,50,Beans,28,USD,15,Retail,5,KG,9,2015,1.8,Ministry of Agriculture
271,Zimbabwe,3436,Harare,708,Mbare,50,Beans,28,USD,15,Retail,5,KG,10,2016,1.1,AGRITEX
271,Zimbabwe,3436,Harare,708,Mbare,50,Beans,28,USD,15,Retail,5,KG,12,2016,1.1,WFP Markets Monitoring System
271,Zimbabwe,3436,Harare,708,Mbare,50,Beans,28,USD,15,Retail,5,KG,5,2017,1.55,AGRITEX
271,Zimbabwe,3436,Harare,708,Mbare,50,Beans,28,USD,15,Retail,5,KG,11,2014,1.98,WFP markets monitoring
271,Zimbabwe,3436,Harare,708,Mbare,50,Beans,28,USD,15,Retail,5,KG,3,2017,1.55,AGRITEX
271,Zimbabwe,3435,Bulawayo,715,Renkini Bus Terminus,50,Beans,28,USD,15,Retail,5,KG,2,2016,1.4,WFP Markets Monitoring System
271,Zimbabwe,3435,Bulawayo,715,Renkini Bus Terminus,50,Beans,28,USD,15,Retail,5,KG,11,2016,1.6,AGRITEX
271,Zimbabwe,3435,Bulawayo,715,Renkini Bus Terminus,50,Beans,28,USD,15,Retail,5,KG,10,2014,1.4,WFP markets monitoring
271,Zimbabwe,3435,Bulawayo,715,Renkini Bus Terminus,50,Beans,28,USD,15,Retail,5,KG,9,2015,1.4,WFP Markets Monitoring System
271,Zimbabwe,3435,Bulawayo,715,Renkini Bus Terminus,50,Beans,28,USD,15,Retail,5,KG,12,2014,1.4,WFP markets monitoring
271,Zimbabwe,3435,Bulawayo,715,Renkini Bus Terminus,50,Beans,28,USD,15,Retail,5,KG,10,2015,1.4,WFP Markets Monitoring System
271,Zimbabwe,3435,Bulawayo,715,Renkini Bus Terminus,50,Beans,28,USD,15,Retail,5,KG,10,2016,1.6,AGRITEX
271,Zimbabwe,3435,Bulawayo,715,Renkini Bus Terminus,50,Beans,28,USD,15,Retail,5,KG,12,2016,1.6,WFP Markets Monitoring System
271,Zimbabwe,3435,Bulawayo,715,Renkini Bus Terminus,50,Beans,28,USD,15,Retail,5,KG,11,2014,1.4,WFP markets monitoring
271,Zimbabwe,3435,Bulawayo,715,Renkini Bus Terminus,50,Beans,28,USD,15,Retail,5,KG,4,2017,1.35,AGRITEX
271,Zimbabwe,3435,Bulawayo,715,Renkini Bus Terminus,50,Beans,28,USD,15,Retail,5,KG,4,2015,1.75,WFP markets monitoring
271,Zimbabwe,3435,Bulawayo,715,Renkini Bus Terminus,50,Beans,28,USD,15,Retail,5,KG,8,2015,1.4,WFP Markets Monitoring System
271,Zimbabwe,3435,Bulawayo,715,Renkini Bus Terminus,50,Beans,28,USD,15,Retail,5,KG,12,2015,1.4,WFP Markets Monitoring System
271,Zimbabwe,3435,Bulawayo,715,Renkini Bus Terminus,50,Beans,28,USD,15,Retail,5,KG,2,2015,1.4,WFP markets monitoring
271,Zimbabwe,3435,Bulawayo,715,Renkini Bus Terminus,50,Beans,28,USD,15,Retail,5,KG,9,2016,1.4,WFP Markets Monitoring System
271,Zimbabwe,3435,Bulawayo,715,Renkini Bus Terminus,50,Beans,28,USD,15,Retail,5,KG,5,2015,1.75,WFP markets monitoring
271,Zimbabwe,3435,Bulawayo,715,Renkini Bus Terminus,50,Beans,28,USD,15,Retail,5,KG,1,2017,1.6,AGRITEX
271,Zimbabwe,3435,Bulawayo,715,Renkini Bus Terminus,50,Beans,28,USD,15,Retail,5,KG,6,2016,1.4,WFP Markets Monitoring System
271,Zimbabwe,3435,Bulawayo,715,Renkini Bus Terminus,50,Beans,28,USD,15,Retail,5,KG,6,2017,1.5,AGRITEX
271,Zimbabwe,3435,Bulawayo,715,Renkini Bus Terminus,50,Beans,28,USD,15,Retail,5,KG,4,2016,1.4,WFP Markets Monitoring System
271,Zimbabwe,3435,Bulawayo,715,Renkini Bus Terminus,50,Beans,28,USD,15,Retail,5,KG,5,2016,1.4,WFP Markets Monitoring System
271,Zimbabwe,3435,Bulawayo,715,Renkini Bus Terminus,50,Beans,28,USD,15,Retail,5,KG,2,2017,1.35,AGRITEX
271,Zimbabwe,3435,Bulawayo,715,Renkini Bus Terminus,50,Beans,28,USD,15,Retail,5,KG,7,2015,1.4,WFP Markets Monitoring System
271,Zimbabwe,3435,Bulawayo,715,Renkini Bus Terminus,50,Beans,28,USD,15,Retail,5,KG,3,2015,1.4,WFP markets monitoring
271,Zimbabwe,3435,Bulawayo,715,Renkini Bus Terminus,50,Beans,28,USD,15,Retail,5,KG,8,2016,1.4,WFP Markets Monitoring System
271,Zimbabwe,3435,Bulawayo,715,Renkini Bus Terminus,50,Beans,28,USD,15,Retail,5,KG,6,2015,1.75,WFP Markets Monitoring System
271,Zimbabwe,3435,Bulawayo,715,Renkini Bus Terminus,50,Beans,28,USD,15,Retail,5,KG,7,2016,1.4,WFP Markets Monitoring System
271,Zimbabwe,3435,Bulawayo,715,Renkini Bus Terminus,50,Beans,28,USD,15,Retail,5,KG,3,2017,1.35,AGRITEX
271,Zimbabwe,3435,Bulawayo,715,Renkini Bus Terminus,50,Beans,28,USD,15,Retail,5,KG,5,2017,1.35,AGRITEX
271,Zimbabwe,3435,Bulawayo,715,Renkini Bus Terminus,50,Beans,28,USD,15,Retail,5,KG,9,2014,1.4,WFP markets monitoring
271,Zimbabwe,3435,Bulawayo,715,Renkini Bus Terminus,50,Beans,28,USD,15,Retail,5,KG,11,2015,1.4,WFP Markets Monitoring System
271,Zimbabwe,3435,Bulawayo,715,Renkini Bus Terminus,50,Beans,28,USD,15,Retail,5,KG,1,2016,1.4,WFP Markets Monitoring System
271,Zimbabwe,3435,Bulawayo,715,Renkini Bus Terminus,50,Beans,28,USD,15,Retail,5,KG,3,2016,1.4,WFP Markets Monitoring System
271,Zimbabwe,3442,Matabeleland North,716,Nkayi Growth Point,50,Beans,28,USD,15,Retail,5,KG,1,2016,1.3,WFP Markets Monitoring System
271,Zimbabwe,3442,Matabeleland North,716,Nkayi Growth Point,50,Beans,28,USD,15,Retail,5,KG,6,2016,2.6,WFP Markets Monitoring System
271,Zimbabwe,3442,Matabeleland North,716,Nkayi Growth Point,50,Beans,28,USD,15,Retail,5,KG,7,2016,2.6,WFP Markets Monitoring System
271,Zimbabwe,3442,Matabeleland North,716,Nkayi Growth Point,50,Beans,28,USD,15,Retail,5,KG,8,2016,2.6,WFP Markets Monitoring System
271,Zimbabwe,3442,Matabeleland North,716,Nkayi Growth Point,50,Beans,28,USD,15,Retail,5,KG,12,2015,2.6,WFP Markets Monitoring System
271,Zimbabwe,3442,Matabeleland North,716,Nkayi Growth Point,50,Beans,28,USD,15,Retail,5,KG,3,2016,2.6,WFP Markets Monitoring System
271,Zimbabwe,3442,Matabeleland North,716,Nkayi Growth Point,50,Beans,28,USD,15,Retail,5,KG,2,2015,2.6,WFP markets monitoring
271,Zimbabwe,3442,Matabeleland North,716,Nkayi Growth Point,50,Beans,28,USD,15,Retail,5,KG,10,2015,2.6,WFP Markets Monitoring System
271,Zimbabwe,3442,Matabeleland North,716,Nkayi Growth Point,50,Beans,28,USD,15,Retail,5,KG,4,2016,2.6,WFP Markets Monitoring System
271,Zimbabwe,3442,Matabeleland North,716,Nkayi Growth Point,50,Beans,28,USD,15,Retail,5,KG,7,2015,2.6,WFP Markets Monitoring System
271,Zimbabwe,3442,Matabeleland North,716,Nkayi Growth Point,50,Beans,28,USD,15,Retail,5,KG,2,2016,2.6,WFP Markets Monitoring System
271,Zimbabwe,3442,Matabeleland North,716,Nkayi Growth Point,50,Beans,28,USD,15,Retail,5,KG,9,2015,2.6,WFP Markets Monitoring System
271,Zimbabwe,3442,Matabeleland North,716,Nkayi Growth Point,50,Beans,28,USD,15,Retail,5,KG,3,2015,2.6,WFP markets monitoring
271,Zimbabwe,3442,Matabeleland North,716,Nkayi Growth Point,50,Beans,28,USD,15,Retail,5,KG,8,2015,2.6,WFP Markets Monitoring System
271,Zimbabwe,3442,Matabeleland North,716,Nkayi Growth Point,50,Beans,28,USD,15,Retail,5,KG,11,2014,2.6,WFP markets monitoring
271,Zimbabwe,3442,Matabeleland North,716,Nkayi Growth Point,50,Beans,28,USD,15,Retail,5,KG,5,2016,2.6,WFP Markets Monitoring System
271,Zimbabwe,3442,Matabeleland North,716,Nkayi Growth Point,50,Beans,28,USD,15,Retail,5,KG,9,2016,2.6,WFP Markets Monitoring System
271,Zimbabwe,3442,Matabeleland North,716,Nkayi Growth Point,50,Beans,28,USD,15,Retail,5,KG,8,2014,2.62,WFP markets monitoring
271,Zimbabwe,3442,Matabeleland North,716,Nkayi Growth Point,50,Beans,28,USD,15,Retail,5,KG,12,2014,2.6,WFP markets monitoring
271,Zimbabwe,3442,Matabeleland North,716,Nkayi Growth Point,50,Beans,28,USD,15,Retail,5,KG,11,2015,2.6,WFP Markets Monitoring System
271,Zimbabwe,3441,Masvingo,719,Mucheke,50,Beans,28,USD,15,Retail,5,KG,8,2014,2,WFP markets monitoring
271,Zimbabwe,3441,Masvingo,719,Mucheke,50,Beans,28,USD,15,Retail,5,KG,12,2016,1.8,WFP Markets Monitoring System
271,Zimbabwe,3441,Masvingo,719,Mucheke,50,Beans,28,USD,15,Retail,5,KG,6,2017,1.75,WFP Markets Monitoring System
271,Zimbabwe,3441,Masvingo,719,Mucheke,50,Beans,28,USD,15,Retail,5,KG,3,2017,1.66,WFP Markets Monitoring System
271,Zimbabwe,3441,Masvingo,719,Mucheke,50,Beans,28,USD,15,Retail,5,KG,5,2017,1.66,WFP Markets Monitoring System
271,Zimbabwe,3441,Masvingo,719,Mucheke,50,Beans,28,USD,15,Retail,5,KG,2,2017,1.66,WFP Markets Monitoring System
271,Zimbabwe,3441,Masvingo,719,Mucheke,50,Beans,28,USD,15,Retail,5,KG,4,2017,1.66,WFP Markets Monitoring System
271,Zimbabwe,3441,Masvingo,719,Mucheke,50,Beans,28,USD,15,Retail,5,KG,1,2017,1.6,WFP Markets Monitoring System
271,Zimbabwe,3441,Masvingo,719,Mucheke,50,Beans,28,USD,15,Retail,5,KG,9,2014,2.4,WFP markets monitoring
271,Zimbabwe,3444,Midlands,722,Mandava,50,Beans,28,USD,15,Retail,5,KG,5,2016,2,WFP Markets Monitoring System
271,Zimbabwe,3444,Midlands,722,Mandava,50,Beans,28,USD,15,Retail,5,KG,7,2016,2.5,WFP Markets Monitoring System
271,Zimbabwe,3444,Midlands,722,Mandava,50,Beans,28,USD,15,Retail,5,KG,10,2016,2.53,WFP Markets Monitoring System
271,Zimbabwe,3444,Midlands,722,Mandava,50,Beans,28,USD,15,Retail,5,KG,4,2017,2.29,WFP Markets Monitoring System
271,Zimbabwe,3444,Midlands,722,Mandava,50,Beans,28,USD,15,Retail,5,KG,2,2017,2.29,WFP Markets Monitoring System
271,Zimbabwe,3444,Midlands,722,Mandava,50,Beans,28,USD,15,Retail,5,KG,2,2016,1,WFP Markets Monitoring System
271,Zimbabwe,3444,Midlands,722,Mandava,50,Beans,28,USD,15,Retail,5,KG,5,2017,2.29,WFP Markets Monitoring System
271,Zimbabwe,3444,Midlands,722,Mandava,50,Beans,28,USD,15,Retail,5,KG,6,2016,2.5,WFP Markets Monitoring System
271,Zimbabwe,3444,Midlands,722,Mandava,50,Beans,28,USD,15,Retail,5,KG,9,2016,2.63,WFP Markets Monitoring System
271,Zimbabwe,3444,Midlands,722,Mandava,50,Beans,28,USD,15,Retail,5,KG,8,2016,2.63,WFP Markets Monitoring System
271,Zimbabwe,3444,Midlands,722,Mandava,50,Beans,28,USD,15,Retail,5,KG,11,2016,2.29,WFP Markets Monitoring System
271,Zimbabwe,3444,Midlands,722,Mandava,50,Beans,28,USD,15,Retail,5,KG,1,2017,2.29,WFP Markets Monitoring System
271,Zimbabwe,3444,Midlands,722,Mandava,50,Beans,28,USD,15,Retail,5,KG,12,2016,2.29,WFP Markets Monitoring System
271,Zimbabwe,3444,Midlands,722,Mandava,50,Beans,28,USD,15,Retail,5,KG,3,2016,1,WFP Markets Monitoring System
271,Zimbabwe,3444,Midlands,722,Mandava,50,Beans,28,USD,15,Retail,5,KG,3,2017,2.29,WFP Markets Monitoring System
271,Zimbabwe,3444,Midlands,722,Mandava,50,Beans,28,USD,15,Retail,5,KG,4,2016,1,WFP Markets Monitoring System
271,Zimbabwe,3437,Manicaland,724,Sakubva,50,Beans,28,USD,15,Retail,5,KG,2,2017,1.6,AGRITEX
271,Zimbabwe,3437,Manicaland,724,Sakubva,50,Beans,28,USD,15,Retail,5,KG,5,2017,1.6,AGRITEX
271,Zimbabwe,3437,Manicaland,724,Sakubva,50,Beans,28,USD,15,Retail,5,KG,1,2017,1.6,AGRITEX
271,Zimbabwe,3437,Manicaland,724,Sakubva,50,Beans,28,USD,15,Retail,5,KG,4,2017,1.6,AGRITEX
271,Zimbabwe,3437,Manicaland,724,Sakubva,50,Beans,28,USD,15,Retail,5,KG,8,2014,2,WFP markets monitoring
271,Zimbabwe,3437,Manicaland,724,Sakubva,50,Beans,28,USD,15,Retail,5,KG,11,2014,2,WFP markets monitoring
271,Zimbabwe,3437,Manicaland,724,Sakubva,50,Beans,28,USD,15,Retail,5,KG,3,2017,1.6,AGRITEX
271,Zimbabwe,3437,Manicaland,724,Sakubva,50,Beans,28,USD,15,Retail,5,KG,10,2014,2,WFP markets monitoring
271,Zimbabwe,3437,Manicaland,726,Checheche,50,Beans,28,USD,15,Retail,5,KG,1,2017,2.33,WFP Markets Monitoring System
271,Zimbabwe,3437,Manicaland,726,Checheche,50,Beans,28,USD,15,Retail,5,KG,7,2016,1,WFP Markets Monitoring System
271,Zimbabwe,3437,Manicaland,726,Checheche,50,Beans,28,USD,15,Retail,5,KG,4,2017,2.39,WFP Markets Monitoring System
271,Zimbabwe,3437,Manicaland,726,Checheche,50,Beans,28,USD,15,Retail,5,KG,5,2016,1,WFP Markets Monitoring System
271,Zimbabwe,3437,Manicaland,726,Checheche,50,Beans,28,USD,15,Retail,5,KG,8,2016,1.4,Agritex Markets Monitoring System
271,Zimbabwe,3437,Manicaland,726,Checheche,50,Beans,28,USD,15,Retail,5,KG,2,2017,2.39,WFP Markets Monitoring System
271,Zimbabwe,3437,Manicaland,726,Checheche,50,Beans,28,USD,15,Retail,5,KG,2,2016,1,WFP Markets Monitoring System
271,Zimbabwe,3437,Manicaland,726,Checheche,50,Beans,28,USD,15,Retail,5,KG,8,2014,2,WFP markets monitoring
271,Zimbabwe,3437,Manicaland,726,Checheche,50,Beans,28,USD,15,Retail,5,KG,11,2014,2,WFP markets monitoring
271,Zimbabwe,3437,Manicaland,726,Checheche,50,Beans,28,USD,15,Retail,5,KG,6,2016,1,WFP Markets Monitoring System
271,Zimbabwe,3437,Manicaland,726,Checheche,50,Beans,28,USD,15,Retail,5,KG,11,2016,2.33,WFP Markets Monitoring System
271,Zimbabwe,3437,Manicaland,726,Checheche,50,Beans,28,USD,15,Retail,5,KG,9,2016,2,WFP Markets Monitoring System
271,Zimbabwe,3437,Manicaland,726,Checheche,50,Beans,28,USD,15,Retail,5,KG,3,2017,2.39,WFP Markets Monitoring System
271,Zimbabwe,3437,Manicaland,726,Checheche,50,Beans,28,USD,15,Retail,5,KG,10,2016,2.33,WFP Markets Monitoring System
271,Zimbabwe,3437,Manicaland,726,Checheche,50,Beans,28,USD,15,Retail,5,KG,4,2016,1,WFP Markets Monitoring System
271,Zimbabwe,3437,Manicaland,726,Checheche,50,Beans,28,USD,15,Retail,5,KG,5,2017,2.39,WFP Markets Monitoring System
271,Zimbabwe,3437,Manicaland,726,Checheche,50,Beans,28,USD,15,Retail,5,KG,3,2016,1,WFP Markets Monitoring System
271,Zimbabwe,3437,Manicaland,726,Checheche,50,Beans,28,USD,15,Retail,5,KG,12,2016,2.33,WFP Markets Monitoring System
271,Zimbabwe,3441,Masvingo,728,Mupandawana,50,Beans,28,USD,15,Retail,5,KG,3,2017,2,WFP Markets Monitoring System
271,Zimbabwe,3441,Masvingo,728,Mupandawana,50,Beans,28,USD,15,Retail,5,KG,12,2016,2,WFP Markets Monitoring System
271,Zimbabwe,3441,Masvingo,728,Mupandawana,50,Beans,28,USD,15,Retail,5,KG,5,2017,2,WFP Markets Monitoring System
271,Zimbabwe,3441,Masvingo,728,Mupandawana,50,Beans,28,USD,15,Retail,5,KG,2,2017,2,WFP Markets Monitoring System
271,Zimbabwe,3441,Masvingo,728,Mupandawana,50,Beans,28,USD,15,Retail,5,KG,1,2017,2,WFP Markets Monitoring System
271,Zimbabwe,3441,Masvingo,728,Mupandawana,50,Beans,28,USD,15,Retail,5,KG,4,2017,2,WFP Markets Monitoring System
271,Zimbabwe,3443,Matabeleland South,729,Dulibadzimu Market,50,Beans,28,USD,15,Retail,5,KG,2,2016,2.62,WFP Markets Monitoring System
271,Zimbabwe,3443,Matabeleland South,729,Dulibadzimu Market,50,Beans,28,USD,15,Retail,5,KG,12,2015,2.62,WFP Markets Monitoring System
271,Zimbabwe,3443,Matabeleland South,729,Dulibadzimu Market,50,Beans,28,USD,15,Retail,5,KG,10,2015,2.62,WFP Markets Monitoring System
271,Zimbabwe,3443,Matabeleland South,729,Dulibadzimu Market,50,Beans,28,USD,15,Retail,5,KG,8,2016,2.62,WFP Markets Monitoring System
271,Zimbabwe,3443,Matabeleland South,729,Dulibadzimu Market,50,Beans,28,USD,15,Retail,5,KG,11,2016,2.62,WFP Markets Monitoring System
271,Zimbabwe,3443,Matabeleland South,729,Dulibadzimu Market,50,Beans,28,USD,15,Retail,5,KG,7,2015,2.6,WFP Markets Monitoring System
271,Zimbabwe,3443,Matabeleland South,729,Dulibadzimu Market,50,Beans,28,USD,15,Retail,5,KG,10,2016,2.62,WFP Markets Monitoring System
271,Zimbabwe,3443,Matabeleland South,729,Dulibadzimu Market,50,Beans,28,USD,15,Retail,5,KG,9,2015,2.62,WFP Markets Monitoring System
271,Zimbabwe,3443,Matabeleland South,729,Dulibadzimu Market,50,Beans,28,USD,15,Retail,5,KG,6,2016,2.62,WFP Markets Monitoring System
271,Zimbabwe,3443,Matabeleland South,729,Dulibadzimu Market,50,Beans,28,USD,15,Retail,5,KG,4,2016,2.62,WFP Markets Monitoring System
271,Zimbabwe,3443,Matabeleland South,729,Dulibadzimu Market,50,Beans,28,USD,15,Retail,5,KG,8,2015,2.62,WFP Markets Monitoring System
271,Zimbabwe,3443,Matabeleland South,729,Dulibadzimu Market,50,Beans,28,USD,15,Retail,5,KG,3,2016,2.62,WFP Markets Monitoring System
271,Zimbabwe,3443,Matabeleland South,729,Dulibadzimu Market,50,Beans,28,USD,15,Retail,5,KG,7,2016,2.62,WFP Markets Monitoring System
271,Zimbabwe,3443,Matabeleland South,729,Dulibadzimu Market,50,Beans,28,USD,15,Retail,5,KG,11,2015,2.62,WFP Markets Monitoring System
271,Zimbabwe,3443,Matabeleland South,729,Dulibadzimu Market,50,Beans,28,USD,15,Retail,5,KG,5,2016,2.62,WFP Markets Monitoring System
271,Zimbabwe,3443,Matabeleland South,729,Dulibadzimu Market,50,Beans,28,USD,15,Retail,5,KG,1,2016,2.62,WFP Markets Monitoring System
271,Zimbabwe,3443,Matabeleland South,729,Dulibadzimu Market,50,Beans,28,USD,15,Retail,5,KG,9,2016,2.62,WFP Markets Monitoring System
271,Zimbabwe,3438,Mashonaland Central,731,Mount Darwin,50,Beans,28,USD,15,Retail,5,KG,12,2014,2.1,WFP markets monitoring
271,Zimbabwe,3438,Mashonaland Central,731,Mount Darwin,50,Beans,28,USD,15,Retail,5,KG,12,2016,1.5,WFP Markets Monitoring System
271,Zimbabwe,3438,Mashonaland Central,731,Mount Darwin,50,Beans,28,USD,15,Retail,5,KG,9,2014,2.1,WFP markets monitoring
271,Zimbabwe,3438,Mashonaland Central,731,Mount Darwin,50,Beans,28,USD,15,Retail,5,KG,11,2014,2.1,WFP markets monitoring
271,Zimbabwe,3438,Mashonaland Central,731,Mount Darwin,50,Beans,28,USD,15,Retail,5,KG,1,2017,1.61,WFP Markets Monitoring System
271,Zimbabwe,3438,Mashonaland Central,731,Mount Darwin,50,Beans,28,USD,15,Retail,5,KG,2,2017,2,WFP Markets Monitoring System
271,Zimbabwe,3438,Mashonaland Central,731,Mount Darwin,50,Beans,28,USD,15,Retail,5,KG,8,2014,2.1,WFP markets monitoring
271,Zimbabwe,3438,Mashonaland Central,731,Mount Darwin,50,Beans,28,USD,15,Retail,5,KG,5,2017,2,WFP Markets Monitoring System
271,Zimbabwe,3438,Mashonaland Central,731,Mount Darwin,50,Beans,28,USD,15,Retail,5,KG,3,2017,2,WFP Markets Monitoring System
271,Zimbabwe,3438,Mashonaland Central,731,Mount Darwin,50,Beans,28,USD,15,Retail,5,KG,4,2017,2,WFP Markets Monitoring System
271,Zimbabwe,3441,Masvingo,1905,Rutenga,51,Maize,28,USD,15,Retail,5,KG,5,2017,0.4,WFP Markets Monitoring System
271,Zimbabwe,3441,Masvingo,1905,Rutenga,51,Maize,28,USD,15,Retail,5,KG,3,2017,0.4,WFP Markets Monitoring System
271,Zimbabwe,3441,Masvingo,1905,Rutenga,51,Maize,28,USD,15,Retail,5,KG,1,2017,0.34,WFP Markets Monitoring System
271,Zimbabwe,3441,Masvingo,1905,Rutenga,51,Maize,28,USD,15,Retail,5,KG,2,2017,0.4,WFP Markets Monitoring System
271,Zimbabwe,3441,Masvingo,1905,Rutenga,51,Maize,28,USD,15,Retail,5,KG,4,2017,0.4,WFP Markets Monitoring System
271,Zimbabwe,3436,Harare,708,Mbare,51,Maize,28,USD,15,Retail,5,KG,6,2011,0.2857,WFP markets monitoring
271,Zimbabwe,3436,Harare,708,Mbare,51,Maize,28,USD,15,Retail,5,KG,1,2014,0.46,WFP markets monitoring
271,Zimbabwe,3436,Harare,708,Mbare,51,Maize,28,USD,15,Retail,5,KG,3,2011,0.3429,WFP markets monitoring
271,Zimbabwe,3436,Harare,708,Mbare,51,Maize,28,USD,15,Retail,5,KG,2,2012,0.34,WFP markets monitoring
271,Zimbabwe,3436,Harare,708,Mbare,51,Maize,28,USD,15,Retail,5,KG,11,2016,0.4,FEWSNET Markets Monitoring
271,Zimbabwe,3436,Harare,708,Mbare,51,Maize,28,USD,15,Retail,5,KG,5,2017,0.34,AGRITEX
271,Zimbabwe,3436,Harare,708,Mbare,51,Maize,28,USD,15,Retail,5,KG,8,2011,0.2857,WFP markets monitoring
271,Zimbabwe,3436,Harare,708,Mbare,51,Maize,28,USD,15,Retail,5,KG,2,2014,0.555,WFP markets monitoring
271,Zimbabwe,3436,Harare,708,Mbare,51,Maize,28,USD,15,Retail,5,KG,8,2014,0.34,WFP markets monitoring
271,Zimbabwe,3436,Harare,708,Mbare,51,Maize,28,USD,15,Retail,5,KG,6,2017,0.29,AGRITEX
271,Zimbabwe,3436,Harare,708,Mbare,51,Maize,28,USD,15,Retail,5,KG,10,2012,0.29,WFP markets monitoring
271,Zimbabwe,3436,Harare,708,Mbare,51,Maize,28,USD,15,Retail,5,KG,2,2013,0.4,WFP markets monitoring
271,Zimbabwe,3436,Harare,708,Mbare,51,Maize,28,USD,15,Retail,5,KG,1,2012,0.34,WFP markets monitoring
271,Zimbabwe,3436,Harare,708,Mbare,51,Maize,28,USD,15,Retail,5,KG,5,2013,0.37,WFP markets monitoring
271,Zimbabwe,3436,Harare,708,Mbare,51,Maize,28,USD,15,Retail,5,KG,12,2014,0.34,WFP markets monitoring
271,Zimbabwe,3436,Harare,708,Mbare,51,Maize,28,USD,15,Retail,5,KG,6,2010,0.2286,WFP markets monitoring
271,Zimbabwe,3436,Harare,708,Mbare,51,Maize,28,USD,15,Retail,5,KG,5,2012,0.29,WFP markets monitoring
271,Zimbabwe,3436,Harare,708,Mbare,51,Maize,28,USD,15,Retail,5,KG,2,2011,0.3429,WFP markets monitoring
271,Zimbabwe,3436,Harare,708,Mbare,51,Maize,28,USD,15,Retail,5,KG,7,2011,0.2857,WFP markets monitoring
271,Zimbabwe,3436,Harare,708,Mbare,51,Maize,28,USD,15,Retail,5,KG,6,2013,0.34,WFP markets monitoring
271,Zimbabwe,3436,Harare,708,Mbare,51,Maize,28,USD,15,Retail,5,KG,11,2014,0.34,WFP markets monitoring
271,Zimbabwe,3436,Harare,708,Mbare,51,Maize,28,USD,15,Retail,5,KG,10,2013,0.4,WFP markets monitoring
271,Zimbabwe,3436,Harare,708,Mbare,51,Maize,28,USD,15,Retail,5,KG,11,2010,0.2286,WFP markets monitoring
271,Zimbabwe,3436,Harare,708,Mbare,51,Maize,28,USD,15,Retail,5,KG,12,2013,0.46,WFP markets monitoring
271,Zimbabwe,3436,Harare,708,Mbare,51,Maize,28,USD,15,Retail,5,KG,5,2014,0.34,WFP markets monitoring
271,Zimbabwe,3436,Harare,708,Mbare,51,Maize,28,USD,15,Retail,5,KG,1,2011,0.3429,WFP markets monitoring
271,Zimbabwe,3436,Harare,708,Mbare,51,Maize,28,USD,15,Retail,5,KG,11,2013,0.46,WFP markets monitoring
271,Zimbabwe,3436,Harare,708,Mbare,51,Maize,28,USD,15,Retail,5,KG,10,2015,0.29,FEWSNET Markets Monitoring System
271,Zimbabwe,3436,Harare,708,Mbare,51,Maize,28,USD,15,Retail,5,KG,10,2010,0.2286,WFP markets monitoring
271,Zimbabwe,3436,Harare,708,Mbare,51,Maize,28,USD,15,Retail,5,KG,7,2013,0.34,WFP markets monitoring
271,Zimbabwe,3436,Harare,708,Mbare,51,Maize,28,USD,15,Retail,5,KG,9,2013,0.4,WFP markets monitoring
271,Zimbabwe,3436,Harare,708,Mbare,51,Maize,28,USD,15,Retail,5,KG,6,2015,0.34,FEWSNET Markets Monitoring System
271,Zimbabwe,3436,Harare,708,Mbare,51,Maize,28,USD,15,Retail,5,KG,8,2015,0.29,FEWSNET Markets Monitoring System
271,Zimbabwe,3436,Harare,708,Mbare,51,Maize,28,USD,15,Retail,5,KG,3,2016,0.4,FEWSNET Markets Monitoring System
271,Zimbabwe,3436,Harare,708,Mbare,51,Maize,28,USD,15,Retail,5,KG,1,2010,0.3143,WFP markets monitoring
271,Zimbabwe,3436,Harare,708,Mbare,51,Maize,28,USD,15,Retail,5,KG,4,2010,0.2857,WFP markets monitoring
271,Zimbabwe,3436,Harare,708,Mbare,51,Maize,28,USD,15,Retail,5,KG,6,2012,0.29,WFP markets monitoring
271,Zimbabwe,3436,Harare,708,Mbare,51,Maize,28,USD,15,Retail,5,KG,9,2012,0.29,WFP markets monitoring
271,Zimbabwe,3436,Harare,708,Mbare,51,Maize,28,USD,15,Retail,5,KG,11,2015,0.4,FEWSNET Markets Monitoring System
271,Zimbabwe,3436,Harare,708,Mbare,51,Maize,28,USD,15,Retail,5,KG,10,2011,0.29,WFP markets monitoring
271,Zimbabwe,3436,Harare,708,Mbare,51,Maize,28,USD,15,Retail,5,KG,7,2012,0.29,WFP markets monitoring
271,Zimbabwe,3436,Harare,708,Mbare,51,Maize,28,USD,15,Retail,5,KG,8,2013,0.34,WFP markets monitoring
271,Zimbabwe,3436,Harare,708,Mbare,51,Maize,28,USD,15,Retail,5,KG,5,2011,0.2857,WFP markets monitoring
271,Zimbabwe,3436,Harare,708,Mbare,51,Maize,28,USD,15,Retail,5,KG,3,2017,0.37,AGRITEX
271,Zimbabwe,3436,Harare,708,Mbare,51,Maize,28,USD,15,Retail,5,KG,5,2010,0.2286,WFP markets monitoring
271,Zimbabwe,3436,Harare,708,Mbare,51,Maize,28,USD,15,Retail,5,KG,6,2016,0.4,FEWSNET Markets Monitoring System
271,Zimbabwe,3436,Harare,708,Mbare,51,Maize,28,USD,15,Retail,5,KG,12,2016,0.4,WFP Markets Monitoring System
271,Zimbabwe,3436,Harare,708,Mbare,51,Maize,28,USD,15,Retail,5,KG,3,2013,0.46,WFP markets monitoring
271,Zimbabwe,3436,Harare,708,Mbare,51,Maize,28,USD,15,Retail,5,KG,8,2010,0.2286,WFP markets monitoring
271,Zimbabwe,3436,Harare,708,Mbare,51,Maize,28,USD,15,Retail,5,KG,4,2011,0.3429,WFP markets monitoring
271,Zimbabwe,3436,Harare,708,Mbare,51,Maize,28,USD,15,Retail,5,KG,7,2010,0.2286,WFP markets monitoring
271,Zimbabwe,3436,Harare,708,Mbare,51,Maize,28,USD,15,Retail,5,KG,9,2015,0.29,FEWSNET Markets Monitoring System
271,Zimbabwe,3436,Harare,708,Mbare,51,Maize,28,USD,15,Retail,5,KG,4,2014,0.4,WFP markets monitoring
271,Zimbabwe,3436,Harare,708,Mbare,51,Maize,28,USD,15,Retail,5,KG,8,2016,0.29,Agritex Markets Monitoring System
271,Zimbabwe,3436,Harare,708,Mbare,51,Maize,28,USD,15,Retail,5,KG,11,2011,0.29,WFP markets monitoring
271,Zimbabwe,3436,Harare,708,Mbare,51,Maize,28,USD,15,Retail,5,KG,7,2015,0.29,FEWSNET Markets Monitoring System
271,Zimbabwe,3436,Harare,708,Mbare,51,Maize,28,USD,15,Retail,5,KG,1,2016,0.4,FEWSNET Markets Monitoring System
271,Zimbabwe,3436,Harare,708,Mbare,51,Maize,28,USD,15,Retail,5,KG,2,2017,0.37,AGRITEX
271,Zimbabwe,3436,Harare,708,Mbare,51,Maize,28,USD,15,Retail,5,KG,3,2012,0.34,WFP markets monitoring
271,Zimbabwe,3436,Harare,708,Mbare,51,Maize,28,USD,15,Retail,5,KG,8,2012,0.29,WFP markets monitoring
271,Zimbabwe,3436,Harare,708,Mbare,51,Maize,28,USD,15,Retail,5,KG,10,2014,0.34,WFP markets monitoring
271,Zimbabwe,3436,Harare,708,Mbare,51,Maize,28,USD,15,Retail,5,KG,7,2016,0.4,FEWSNET Markets Monitoring System
271,Zimbabwe,3436,Harare,708,Mbare,51,Maize,28,USD,15,Retail,5,KG,4,2013,0.4,WFP markets monitoring
271,Zimbabwe,3436,Harare,708,Mbare,51,Maize,28,USD,15,Retail,5,KG,4,2015,0.29,WFP markets monitoring
271,Zimbabwe,3436,Harare,708,Mbare,51,Maize,28,USD,15,Retail,5,KG,1,2017,0.34,AGRITEX
271,Zimbabwe,3436,Harare,708,Mbare,51,Maize,28,USD,15,Retail,5,KG,3,2010,0.3143,WFP markets monitoring
271,Zimbabwe,3436,Harare,708,Mbare,51,Maize,28,USD,15,Retail,5,KG,9,2014,0.34,WFP markets monitoring
271,Zimbabwe,3436,Harare,708,Mbare,51,Maize,28,USD,15,Retail,5,KG,1,2013,0.29,WFP markets monitoring
271,Zimbabwe,3436,Harare,708,Mbare,51,Maize,28,USD,15,Retail,5,KG,10,2016,0.33,AGRITEX
271,Zimbabwe,3436,Harare,708,Mbare,51,Maize,28,USD,15,Retail,5,KG,4,2016,0.4,FEWSNET Markets Monitoring System
271,Zimbabwe,3436,Harare,708,Mbare,51,Maize,28,USD,15,Retail,5,KG,9,2010,0.2286,WFP markets monitoring
271,Zimbabwe,3436,Harare,708,Mbare,51,Maize,28,USD,15,Retail,5,KG,3,2014,0.43,WFP markets monitoring
271,Zimbabwe,3436,Harare,708,Mbare,51,Maize,28,USD,15,Retail,5,KG,5,2016,0.4,FEWSNET Markets Monitoring System
271,Zimbabwe,3436,Harare,708,Mbare,51,Maize,28,USD,15,Retail,5,KG,2,2010,0.3429,WFP markets monitoring
271,Zimbabwe,3436,Harare,708,Mbare,51,Maize,28,USD,15,Retail,5,KG,9,2016,0.34,FESNETS Markets Monitoring
271,Zimbabwe,3436,Harare,708,Mbare,51,Maize,28,USD,15,Retail,5,KG,12,2010,0.2857,WFP markets monitoring
271,Zimbabwe,3436,Harare,708,Mbare,51,Maize,28,USD,15,Retail,5,KG,12,2011,0.29,WFP markets monitoring
271,Zimbabwe,3436,Harare,708,Mbare,51,Maize,28,USD,15,Retail,5,KG,11,2012,0.29,WFP markets monitoring
271,Zimbabwe,3436,Harare,708,Mbare,51,Maize,28,USD,15,Retail,5,KG,12,2015,0.4,FEWSNET Markets Monitoring System
271,Zimbabwe,3436,Harare,708,Mbare,51,Maize,28,USD,15,Retail,5,KG,9,2011,0.2857,WFP markets monitoring
271,Zimbabwe,3436,Harare,708,Mbare,51,Maize,28,USD,15,Retail,5,KG,6,2014,0.34,WFP markets monitoring
271,Zimbabwe,3436,Harare,708,Mbare,51,Maize,28,USD,15,Retail,5,KG,4,2017,0.37,AGRITEX
271,Zimbabwe,3436,Harare,708,Mbare,51,Maize,28,USD,15,Retail,5,KG,4,2012,0.29,WFP markets monitoring
271,Zimbabwe,3436,Harare,708,Mbare,51,Maize,28,USD,15,Retail,5,KG,7,2014,0.34,WFP markets monitoring
271,Zimbabwe,3436,Harare,708,Mbare,51,Maize,28,USD,15,Retail,5,KG,5,2015,0.29,WFP markets monitoring
271,Zimbabwe,3436,Harare,708,Mbare,51,Maize,28,USD,15,Retail,5,KG,2,2016,0.4,FEWSNET Markets Monitoring System
271,Zimbabwe,3439,Mashonaland East,709,Dombotombo,51,Maize,28,USD,15,Retail,5,KG,10,2012,0.29,WFP markets monitoring
271,Zimbabwe,3439,Mashonaland East,709,Dombotombo,51,Maize,28,USD,15,Retail,5,KG,3,2010,0.2857,WFP markets monitoring
271,Zimbabwe,3439,Mashonaland East,709,Dombotombo,51,Maize,28,USD,15,Retail,5,KG,8,2012,0.23,WFP markets monitoring
271,Zimbabwe,3439,Mashonaland East,709,Dombotombo,51,Maize,28,USD,15,Retail,5,KG,9,2010,0.2286,WFP markets monitoring
271,Zimbabwe,3439,Mashonaland East,709,Dombotombo,51,Maize,28,USD,15,Retail,5,KG,4,2013,0.4,WFP markets monitoring
271,Zimbabwe,3439,Mashonaland East,709,Dombotombo,51,Maize,28,USD,15,Retail,5,KG,7,2011,0.2571,WFP markets monitoring
271,Zimbabwe,3439,Mashonaland East,709,Dombotombo,51,Maize,28,USD,15,Retail,5,KG,4,2014,0.43,WFP markets monitoring
271,Zimbabwe,3439,Mashonaland East,709,Dombotombo,51,Maize,28,USD,15,Retail,5,KG,4,2011,0.3429,WFP markets monitoring
271,Zimbabwe,3439,Mashonaland East,709,Dombotombo,51,Maize,28,USD,15,Retail,5,KG,5,2013,0.37,WFP markets monitoring
271,Zimbabwe,3439,Mashonaland East,709,Dombotombo,51,Maize,28,USD,15,Retail,5,KG,10,2013,0.37,WFP markets monitoring
271,Zimbabwe,3439,Mashonaland East,709,Dombotombo,51,Maize,28,USD,15,Retail,5,KG,3,2012,0.34,WFP markets monitoring
271,Zimbabwe,3439,Mashonaland East,709,Dombotombo,51,Maize,28,USD,15,Retail,5,KG,4,2012,0.34,WFP markets monitoring
271,Zimbabwe,3439,Mashonaland East,709,Dombotombo,51,Maize,28,USD,15,Retail,5,KG,7,2010,0.2,WFP markets monitoring
271,Zimbabwe,3439,Mashonaland East,709,Dombotombo,51,Maize,28,USD,15,Retail,5,KG,11,2011,0.31,WFP markets monitoring
271,Zimbabwe,3439,Mashonaland East,709,Dombotombo,51,Maize,28,USD,15,Retail,5,KG,11,2012,0.34,WFP markets monitoring
271,Zimbabwe,3439,Mashonaland East,709,Dombotombo,51,Maize,28,USD,15,Retail,5,KG,4,2010,0.2857,WFP markets monitoring
271,Zimbabwe,3439,Mashonaland East,709,Dombotombo,51,Maize,28,USD,15,Retail,5,KG,5,2010,0.2286,WFP markets monitoring
271,Zimbabwe,3439,Mashonaland East,709,Dombotombo,51,Maize,28,USD,15,Retail,5,KG,2,2011,0.2857,WFP markets monitoring
271,Zimbabwe,3439,Mashonaland East,709,Dombotombo,51,Maize,28,USD,15,Retail,5,KG,1,2012,0.34,WFP markets monitoring
271,Zimbabwe,3439,Mashonaland East,709,Dombotombo,51,Maize,28,USD,15,Retail,5,KG,1,2014,0.46,WFP markets monitoring
271,Zimbabwe,3439,Mashonaland East,709,Dombotombo,51,Maize,28,USD,15,Retail,5,KG,1,2011,0.2857,WFP markets monitoring
271,Zimbabwe,3439,Mashonaland East,709,Dombotombo,51,Maize,28,USD,15,Retail,5,KG,6,2011,0.2857,WFP markets monitoring
271,Zimbabwe,3439,Mashonaland East,709,Dombotombo,51,Maize,28,USD,15,Retail,5,KG,7,2012,0.29,WFP markets monitoring
271,Zimbabwe,3439,Mashonaland East,709,Dombotombo,51,Maize,28,USD,15,Retail,5,KG,5,2014,0.34,WFP markets monitoring
271,Zimbabwe,3439,Mashonaland East,709,Dombotombo,51,Maize,28,USD,15,Retail,5,KG,2,2013,0.37,WFP markets monitoring
271,Zimbabwe,3439,Mashonaland East,709,Dombotombo,51,Maize,28,USD,15,Retail,5,KG,3,2014,0.46,WFP markets monitoring
271,Zimbabwe,3439,Mashonaland East,709,Dombotombo,51,Maize,28,USD,15,Retail,5,KG,12,2010,0.2857,WFP markets monitoring
271,Zimbabwe,3439,Mashonaland East,709,Dombotombo,51,Maize,28,USD,15,Retail,5,KG,11,2013,0.43,WFP markets monitoring
271,Zimbabwe,3439,Mashonaland East,709,Dombotombo,51,Maize,28,USD,15,Retail,5,KG,6,2012,0.29,WFP markets monitoring
271,Zimbabwe,3439,Mashonaland East,709,Dombotombo,51,Maize,28,USD,15,Retail,5,KG,10,2010,0.2286,WFP markets monitoring
271,Zimbabwe,3439,Mashonaland East,709,Dombotombo,51,Maize,28,USD,15,Retail,5,KG,5,2011,0.2857,WFP markets monitoring
271,Zimbabwe,3439,Mashonaland East,709,Dombotombo,51,Maize,28,USD,15,Retail,5,KG,8,2011,0.2571,WFP markets monitoring
271,Zimbabwe,3439,Mashonaland East,709,Dombotombo,51,Maize,28,USD,15,Retail,5,KG,11,2010,0.2857,WFP markets monitoring
271,Zimbabwe,3439,Mashonaland East,709,Dombotombo,51,Maize,28,USD,15,Retail,5,KG,6,2013,0.34,WFP markets monitoring
271,Zimbabwe,3439,Mashonaland East,709,Dombotombo,51,Maize,28,USD,15,Retail,5,KG,5,2012,0.29,WFP markets monitoring
271,Zimbabwe,3439,Mashonaland East,709,Dombotombo,51,Maize,28,USD,15,Retail,5,KG,1,2013,0.34,WFP markets monitoring
271,Zimbabwe,3439,Mashonaland East,709,Dombotombo,51,Maize,28,USD,15,Retail,5,KG,8,2010,0.2286,WFP markets monitoring
271,Zimbabwe,3439,Mashonaland East,709,Dombotombo,51,Maize,28,USD,15,Retail,5,KG,1,2010,0.2857,WFP markets monitoring
271,Zimbabwe,3439,Mashonaland East,709,Dombotombo,51,Maize,28,USD,15,Retail,5,KG,12,2011,0.34,WFP markets monitoring
271,Zimbabwe,3439,Mashonaland East,709,Dombotombo,51,Maize,28,USD,15,Retail,5,KG,6,2010,0.2286,WFP markets monitoring
271,Zimbabwe,3439,Mashonaland East,709,Dombotombo,51,Maize,28,USD,15,Retail,5,KG,9,2011,0.2857,WFP markets monitoring
271,Zimbabwe,3439,Mashonaland East,709,Dombotombo,51,Maize,28,USD,15,Retail,5,KG,2,2012,0.34,WFP markets monitoring
271,Zimbabwe,3439,Mashonaland East,709,Dombotombo,51,Maize,28,USD,15,Retail,5,KG,12,2013,0.46,WFP markets monitoring
271,Zimbabwe,3439,Mashonaland East,709,Dombotombo,51,Maize,28,USD,15,Retail,5,KG,9,2012,0.29,WFP markets monitoring
271,Zimbabwe,3439,Mashonaland East,709,Dombotombo,51,Maize,28,USD,15,Retail,5,KG,10,2011,0.23,WFP markets monitoring
271,Zimbabwe,3439,Mashonaland East,709,Dombotombo,51,Maize,28,USD,15,Retail,5,KG,9,2013,0.37,WFP markets monitoring
271,Zimbabwe,3439,Mashonaland East,709,Dombotombo,51,Maize,28,USD,15,Retail,5,KG,3,2011,0.2857,WFP markets monitoring
271,Zimbabwe,3439,Mashonaland East,709,Dombotombo,51,Maize,28,USD,15,Retail,5,KG,8,2013,0.31,WFP markets monitoring
271,Zimbabwe,3439,Mashonaland East,709,Dombotombo,51,Maize,28,USD,15,Retail,5,KG,2,2010,0.2857,WFP markets monitoring
271,Zimbabwe,3439,Mashonaland East,709,Dombotombo,51,Maize,28,USD,15,Retail,5,KG,2,2014,0.46,WFP markets monitoring
271,Zimbabwe,3440,Mashonaland West,710,Murombedzi,51,Maize,28,USD,15,Retail,5,KG,7,2010,0.1714,WFP markets monitoring
271,Zimbabwe,3440,Mashonaland West,710,Murombedzi,51,Maize,28,USD,15,Retail,5,KG,8,2010,0.1714,WFP markets monitoring
271,Zimbabwe,3440,Mashonaland West,710,Murombedzi,51,Maize,28,USD,15,Retail,5,KG,5,2012,0.2,WFP markets monitoring
271,Zimbabwe,3440,Mashonaland West,710,Murombedzi,51,Maize,28,USD,15,Retail,5,KG,8,2012,0.17,WFP markets monitoring
271,Zimbabwe,3440,Mashonaland West,710,Murombedzi,51,Maize,28,USD,15,Retail,5,KG,5,2013,0.23,WFP markets monitoring
271,Zimbabwe,3440,Mashonaland West,710,Murombedzi,51,Maize,28,USD,15,Retail,5,KG,5,2010,0.2857,WFP markets monitoring
271,Zimbabwe,3440,Mashonaland West,710,Murombedzi,51,Maize,28,USD,15,Retail,5,KG,9,2010,0.1714,WFP markets monitoring
271,Zimbabwe,3440,Mashonaland West,710,Murombedzi,51,Maize,28,USD,15,Retail,5,KG,6,2013,0.23,WFP markets monitoring
271,Zimbabwe,3440,Mashonaland West,710,Murombedzi,51,Maize,28,USD,15,Retail,5,KG,1,2010,0.2286,WFP markets monitoring
271,Zimbabwe,3440,Mashonaland West,710,Murombedzi,51,Maize,28,USD,15,Retail,5,KG,7,2012,0.2,WFP markets monitoring
271,Zimbabwe,3440,Mashonaland West,710,Murombedzi,51,Maize,28,USD,15,Retail,5,KG,2,2013,0.29,WFP markets monitoring
271,Zimbabwe,3440,Mashonaland West,710,Murombedzi,51,Maize,28,USD,15,Retail,5,KG,4,2014,0.34,WFP markets monitoring
271,Zimbabwe,3440,Mashonaland West,710,Murombedzi,51,Maize,28,USD,15,Retail,5,KG,11,2012,0.23,WFP markets monitoring
271,Zimbabwe,3440,Mashonaland West,710,Murombedzi,51,Maize,28,USD,15,Retail,5,KG,7,2013,0.23,WFP markets monitoring
271,Zimbabwe,3440,Mashonaland West,710,Murombedzi,51,Maize,28,USD,15,Retail,5,KG,6,2010,0.1714,WFP markets monitoring
271,Zimbabwe,3440,Mashonaland West,710,Murombedzi,51,Maize,28,USD,15,Retail,5,KG,9,2013,0.29,WFP markets monitoring
271,Zimbabwe,3440,Mashonaland West,710,Murombedzi,51,Maize,28,USD,15,Retail,5,KG,10,2013,0.31,WFP markets monitoring
271,Zimbabwe,3440,Mashonaland West,710,Murombedzi,51,Maize,28,USD,15,Retail,5,KG,1,2014,0.46,WFP markets monitoring
271,Zimbabwe,3440,Mashonaland West,710,Murombedzi,51,Maize,28,USD,15,Retail,5,KG,1,2011,0.2286,WFP markets monitoring
271,Zimbabwe,3440,Mashonaland West,710,Murombedzi,51,Maize,28,USD,15,Retail,5,KG,3,2013,0.29,WFP markets monitoring
271,Zimbabwe,3440,Mashonaland West,710,Murombedzi,51,Maize,28,USD,15,Retail,5,KG,10,2010,0.1714,WFP markets monitoring
271,Zimbabwe,3440,Mashonaland West,710,Murombedzi,51,Maize,28,USD,15,Retail,5,KG,12,2010,0.2,WFP markets monitoring
271,Zimbabwe,3440,Mashonaland West,710,Murombedzi,51,Maize,28,USD,15,Retail,5,KG,3,2011,0.2286,WFP markets monitoring
271,Zimbabwe,3440,Mashonaland West,710,Murombedzi,51,Maize,28,USD,15,Retail,5,KG,5,2014,0.29,WFP markets monitoring
271,Zimbabwe,3440,Mashonaland West,710,Murombedzi,51,Maize,28,USD,15,Retail,5,KG,6,2012,0.17,WFP markets monitoring
271,Zimbabwe,3440,Mashonaland West,710,Murombedzi,51,Maize,28,USD,15,Retail,5,KG,8,2013,0.29,WFP markets monitoring
271,Zimbabwe,3440,Mashonaland West,710,Murombedzi,51,Maize,28,USD,15,Retail,5,KG,4,2010,0.1714,WFP markets monitoring
271,Zimbabwe,3440,Mashonaland West,710,Murombedzi,51,Maize,28,USD,15,Retail,5,KG,6,2011,0.2286,WFP markets monitoring
271,Zimbabwe,3440,Mashonaland West,710,Murombedzi,51,Maize,28,USD,15,Retail,5,KG,2,2014,0.49,WFP markets monitoring
271,Zimbabwe,3440,Mashonaland West,710,Murombedzi,51,Maize,28,USD,15,Retail,5,KG,9,2012,0.17,WFP markets monitoring
271,Zimbabwe,3440,Mashonaland West,710,Murombedzi,51,Maize,28,USD,15,Retail,5,KG,2,2010,0.2286,WFP markets monitoring
271,Zimbabwe,3440,Mashonaland West,710,Murombedzi,51,Maize,28,USD,15,Retail,5,KG,10,2012,0.23,WFP markets monitoring
271,Zimbabwe,3440,Mashonaland West,710,Murombedzi,51,Maize,28,USD,15,Retail,5,KG,11,2010,0.1714,WFP markets monitoring
271,Zimbabwe,3440,Mashonaland West,710,Murombedzi,51,Maize,28,USD,15,Retail,5,KG,5,2011,0.1714,WFP markets monitoring
271,Zimbabwe,3440,Mashonaland West,710,Murombedzi,51,Maize,28,USD,15,Retail,5,KG,11,2013,0.34,WFP markets monitoring
271,Zimbabwe,3440,Mashonaland West,710,Murombedzi,51,Maize,28,USD,15,Retail,5,KG,4,2011,0.2286,WFP markets monitoring
271,Zimbabwe,3440,Mashonaland West,710,Murombedzi,51,Maize,28,USD,15,Retail,5,KG,1,2013,0.29,WFP markets monitoring
271,Zimbabwe,3440,Mashonaland West,710,Murombedzi,51,Maize,28,USD,15,Retail,5,KG,3,2010,0.2286,WFP markets monitoring
271,Zimbabwe,3439,Mashonaland East,711,Murehwa,51,Maize,28,USD,15,Retail,5,KG,10,2011,0.23,WFP markets monitoring
271,Zimbabwe,3439,Mashonaland East,711,Murehwa,51,Maize,28,USD,15,Retail,5,KG,3,2014,0.43,WFP markets monitoring
271,Zimbabwe,3439,Mashonaland East,711,Murehwa,51,Maize,28,USD,15,Retail,5,KG,6,2013,0.29,WFP markets monitoring
271,Zimbabwe,3439,Mashonaland East,711,Murehwa,51,Maize,28,USD,15,Retail,5,KG,3,2010,0.2286,WFP markets monitoring
271,Zimbabwe,3439,Mashonaland East,711,Murehwa,51,Maize,28,USD,15,Retail,5,KG,9,2012,0.23,WFP markets monitoring
271,Zimbabwe,3439,Mashonaland East,711,Murehwa,51,Maize,28,USD,15,Retail,5,KG,4,2014,0.34,WFP markets monitoring
271,Zimbabwe,3439,Mashonaland East,711,Murehwa,51,Maize,28,USD,15,Retail,5,KG,7,2011,0.2286,WFP markets monitoring
271,Zimbabwe,3439,Mashonaland East,711,Murehwa,51,Maize,28,USD,15,Retail,5,KG,3,2013,0.4,WFP markets monitoring
271,Zimbabwe,3439,Mashonaland East,711,Murehwa,51,Maize,28,USD,15,Retail,5,KG,9,2010,0.1714,WFP markets monitoring
271,Zimbabwe,3439,Mashonaland East,711,Murehwa,51,Maize,28,USD,15,Retail,5,KG,2,2011,0.2571,WFP markets monitoring
271,Zimbabwe,3439,Mashonaland East,711,Murehwa,51,Maize,28,USD,15,Retail,5,KG,7,2010,0.1714,WFP markets monitoring
271,Zimbabwe,3439,Mashonaland East,711,Murehwa,51,Maize,28,USD,15,Retail,5,KG,10,2014,0.29,WFP markets monitoring
271,Zimbabwe,3439,Mashonaland East,711,Murehwa,51,Maize,28,USD,15,Retail,5,KG,11,2010,0.2286,WFP markets monitoring
271,Zimbabwe,3439,Mashonaland East,711,Murehwa,51,Maize,28,USD,15,Retail,5,KG,12,2014,0.29,WFP markets monitoring
271,Zimbabwe,3439,Mashonaland East,711,Murehwa,51,Maize,28,USD,15,Retail,5,KG,6,2014,0.29,WFP markets monitoring
271,Zimbabwe,3439,Mashonaland East,711,Murehwa,51,Maize,28,USD,15,Retail,5,KG,10,2010,0.2,WFP markets monitoring
271,Zimbabwe,3439,Mashonaland East,711,Murehwa,51,Maize,28,USD,15,Retail,5,KG,11,2014,0.29,WFP markets monitoring
271,Zimbabwe,3439,Mashonaland East,711,Murehwa,51,Maize,28,USD,15,Retail,5,KG,5,2012,0.26,WFP markets monitoring
271,Zimbabwe,3439,Mashonaland East,711,Murehwa,51,Maize,28,USD,15,Retail,5,KG,4,2013,0.34,WFP markets monitoring
271,Zimbabwe,3439,Mashonaland East,711,Murehwa,51,Maize,28,USD,15,Retail,5,KG,5,2014,0.29,WFP markets monitoring
271,Zimbabwe,3439,Mashonaland East,711,Murehwa,51,Maize,28,USD,15,Retail,5,KG,12,2010,0.2286,WFP markets monitoring
271,Zimbabwe,3439,Mashonaland East,711,Murehwa,51,Maize,28,USD,15,Retail,5,KG,9,2013,0.34,WFP markets monitoring
271,Zimbabwe,3439,Mashonaland East,711,Murehwa,51,Maize,28,USD,15,Retail,5,KG,3,2012,0.34,WFP markets monitoring
271,Zimbabwe,3439,Mashonaland East,711,Murehwa,51,Maize,28,USD,15,Retail,5,KG,9,2014,0.25,WFP markets monitoring
271,Zimbabwe,3439,Mashonaland East,711,Murehwa,51,Maize,28,USD,15,Retail,5,KG,1,2011,0.2286,WFP markets monitoring
271,Zimbabwe,3439,Mashonaland East,711,Murehwa,51,Maize,28,USD,15,Retail,5,KG,11,2011,0.26,WFP markets monitoring
271,Zimbabwe,3439,Mashonaland East,711,Murehwa,51,Maize,28,USD,15,Retail,5,KG,4,2010,0.2,WFP markets monitoring
271,Zimbabwe,3439,Mashonaland East,711,Murehwa,51,Maize,28,USD,15,Retail,5,KG,6,2012,0.29,WFP markets monitoring
271,Zimbabwe,3439,Mashonaland East,711,Murehwa,51,Maize,28,USD,15,Retail,5,KG,4,2011,0.2286,WFP markets monitoring
271,Zimbabwe,3439,Mashonaland East,711,Murehwa,51,Maize,28,USD,15,Retail,5,KG,1,2014,0.51,WFP markets monitoring
271,Zimbabwe,3439,Mashonaland East,711,Murehwa,51,Maize,28,USD,15,Retail,5,KG,5,2011,0.1714,WFP markets monitoring
271,Zimbabwe,3439,Mashonaland East,711,Murehwa,51,Maize,28,USD,15,Retail,5,KG,6,2011,0.1714,WFP markets monitoring
271,Zimbabwe,3439,Mashonaland East,711,Murehwa,51,Maize,28,USD,15,Retail,5,KG,7,2014,0.29,WFP markets monitoring
271,Zimbabwe,3439,Mashonaland East,711,Murehwa,51,Maize,28,USD,15,Retail,5,KG,9,2011,0.2286,WFP markets monitoring
271,Zimbabwe,3439,Mashonaland East,711,Murehwa,51,Maize,28,USD,15,Retail,5,KG,12,2011,0.34,WFP markets monitoring
271,Zimbabwe,3439,Mashonaland East,711,Murehwa,51,Maize,28,USD,15,Retail,5,KG,7,2013,0.29,WFP markets monitoring
271,Zimbabwe,3439,Mashonaland East,711,Murehwa,51,Maize,28,USD,15,Retail,5,KG,2,2013,0.34,WFP markets monitoring
271,Zimbabwe,3439,Mashonaland East,711,Murehwa,51,Maize,28,USD,15,Retail,5,KG,1,2013,0.29,WFP markets monitoring
271,Zimbabwe,3439,Mashonaland East,711,Murehwa,51,Maize,28,USD,15,Retail,5,KG,6,2010,0.1714,WFP markets monitoring
271,Zimbabwe,3439,Mashonaland East,711,Murehwa,51,Maize,28,USD,15,Retail,5,KG,5,2013,0.31,WFP markets monitoring
271,Zimbabwe,3439,Mashonaland East,711,Murehwa,51,Maize,28,USD,15,Retail,5,KG,12,2013,0.46,WFP markets monitoring
271,Zimbabwe,3439,Mashonaland East,711,Murehwa,51,Maize,28,USD,15,Retail,5,KG,3,2011,0.2857,WFP markets monitoring
271,Zimbabwe,3439,Mashonaland East,711,Murehwa,51,Maize,28,USD,15,Retail,5,KG,7,2012,0.23,WFP markets monitoring
271,Zimbabwe,3439,Mashonaland East,711,Murehwa,51,Maize,28,USD,15,Retail,5,KG,8,2010,0.1714,WFP markets monitoring
271,Zimbabwe,3439,Mashonaland East,711,Murehwa,51,Maize,28,USD,15,Retail,5,KG,11,2013,0.4,WFP markets monitoring
271,Zimbabwe,3439,Mashonaland East,711,Murehwa,51,Maize,28,USD,15,Retail,5,KG,1,2012,0.34,WFP markets monitoring
271,Zimbabwe,3439,Mashonaland East,711,Murehwa,51,Maize,28,USD,15,Retail,5,KG,8,2013,0.31,WFP markets monitoring
271,Zimbabwe,3439,Mashonaland East,711,Murehwa,51,Maize,28,USD,15,Retail,5,KG,8,2011,0.2286,WFP markets monitoring
271,Zimbabwe,3439,Mashonaland East,711,Murehwa,51,Maize,28,USD,15,Retail,5,KG,8,2012,0.23,WFP markets monitoring
271,Zimbabwe,3439,Mashonaland East,711,Murehwa,51,Maize,28,USD,15,Retail,5,KG,11,2012,0.29,WFP markets monitoring
271,Zimbabwe,3439,Mashonaland East,711,Murehwa,51,Maize,28,USD,15,Retail,5,KG,2,2014,0.485,WFP markets monitoring
271,Zimbabwe,3439,Mashonaland East,711,Murehwa,51,Maize,28,USD,15,Retail,5,KG,1,2010,0.2857,WFP markets monitoring
271,Zimbabwe,3439,Mashonaland East,711,Murehwa,51,Maize,28,USD,15,Retail,5,KG,10,2012,0.23,WFP markets monitoring
271,Zimbabwe,3439,Mashonaland East,711,Murehwa,51,Maize,28,USD,15,Retail,5,KG,10,2013,0.37,WFP markets monitoring
271,Zimbabwe,3439,Mashonaland East,711,Murehwa,51,Maize,28,USD,15,Retail,5,KG,2,2010,0.2857,WFP markets monitoring
271,Zimbabwe,3439,Mashonaland East,711,Murehwa,51,Maize,28,USD,15,Retail,5,KG,2,2012,0.31,WFP markets monitoring
271,Zimbabwe,3439,Mashonaland East,711,Murehwa,51,Maize,28,USD,15,Retail,5,KG,4,2012,0.29,WFP markets monitoring
271,Zimbabwe,3440,Mashonaland West,712,Chikonohono,51,Maize,28,USD,15,Retail,5,KG,7,2012,0.23,WFP markets monitoring
271,Zimbabwe,3440,Mashonaland West,712,Chikonohono,51,Maize,28,USD,15,Retail,5,KG,5,2010,0.2286,WFP markets monitoring
271,Zimbabwe,3440,Mashonaland West,712,Chikonohono,51,Maize,28,USD,15,Retail,5,KG,4,2012,0.29,WFP markets monitoring
271,Zimbabwe,3440,Mashonaland West,712,Chikonohono,51,Maize,28,USD,15,Retail,5,KG,3,2011,0.3429,WFP markets monitoring
271,Zimbabwe,3440,Mashonaland West,712,Chikonohono,51,Maize,28,USD,15,Retail,5,KG,3,2012,0.29,WFP markets monitoring
271,Zimbabwe,3440,Mashonaland West,712,Chikonohono,51,Maize,28,USD,15,Retail,5,KG,10,2010,0.2,WFP markets monitoring
271,Zimbabwe,3440,Mashonaland West,712,Chikonohono,51,Maize,28,USD,15,Retail,5,KG,2,2011,0.3143,WFP markets monitoring
271,Zimbabwe,3440,Mashonaland West,712,Chikonohono,51,Maize,28,USD,15,Retail,5,KG,6,2011,0.2286,WFP markets monitoring
271,Zimbabwe,3440,Mashonaland West,712,Chikonohono,51,Maize,28,USD,15,Retail,5,KG,2,2012,0.29,WFP markets monitoring
271,Zimbabwe,3440,Mashonaland West,712,Chikonohono,51,Maize,28,USD,15,Retail,5,KG,2,2010,0.2857,WFP markets monitoring
271,Zimbabwe,3440,Mashonaland West,712,Chikonohono,51,Maize,28,USD,15,Retail,5,KG,4,2010,0.2286,WFP markets monitoring
271,Zimbabwe,3440,Mashonaland West,712,Chikonohono,51,Maize,28,USD,15,Retail,5,KG,11,2013,0.34,WFP markets monitoring
271,Zimbabwe,3440,Mashonaland West,712,Chikonohono,51,Maize,28,USD,15,Retail,5,KG,11,2012,0.29,WFP markets monitoring
271,Zimbabwe,3440,Mashonaland West,712,Chikonohono,51,Maize,28,USD,15,Retail,5,KG,3,2010,0.2857,WFP markets monitoring
271,Zimbabwe,3440,Mashonaland West,712,Chikonohono,51,Maize,28,USD,15,Retail,5,KG,4,2011,0.2286,WFP markets monitoring
271,Zimbabwe,3440,Mashonaland West,712,Chikonohono,51,Maize,28,USD,15,Retail,5,KG,5,2012,0.29,WFP markets monitoring
271,Zimbabwe,3440,Mashonaland West,712,Chikonohono,51,Maize,28,USD,15,Retail,5,KG,4,2013,0.26,WFP markets monitoring
271,Zimbabwe,3440,Mashonaland West,712,Chikonohono,51,Maize,28,USD,15,Retail,5,KG,1,2013,0.29,WFP markets monitoring
271,Zimbabwe,3440,Mashonaland West,712,Chikonohono,51,Maize,28,USD,15,Retail,5,KG,1,2010,0.2571,WFP markets monitoring
271,Zimbabwe,3440,Mashonaland West,712,Chikonohono,51,Maize,28,USD,15,Retail,5,KG,6,2014,0.29,WFP markets monitoring
271,Zimbabwe,3440,Mashonaland West,712,Chikonohono,51,Maize,28,USD,15,Retail,5,KG,10,2012,0.29,WFP markets monitoring
271,Zimbabwe,3440,Mashonaland West,712,Chikonohono,51,Maize,28,USD,15,Retail,5,KG,10,2013,0.34,WFP markets monitoring
271,Zimbabwe,3440,Mashonaland West,712,Chikonohono,51,Maize,28,USD,15,Retail,5,KG,10,2011,0.23,WFP markets monitoring
271,Zimbabwe,3440,Mashonaland West,712,Chikonohono,51,Maize,28,USD,15,Retail,5,KG,7,2013,0.29,WFP markets monitoring
271,Zimbabwe,3440,Mashonaland West,712,Chikonohono,51,Maize,28,USD,15,Retail,5,KG,9,2013,0.34,WFP markets monitoring
271,Zimbabwe,3440,Mashonaland West,712,Chikonohono,51,Maize,28,USD,15,Retail,5,KG,9,2012,0.29,WFP markets monitoring
271,Zimbabwe,3440,Mashonaland West,712,Chikonohono,51,Maize,28,USD,15,Retail,5,KG,7,2011,0.2286,WFP markets monitoring
271,Zimbabwe,3440,Mashonaland West,712,Chikonohono,51,Maize,28,USD,15,Retail,5,KG,8,2013,0.31,WFP markets monitoring
271,Zimbabwe,3440,Mashonaland West,712,Chikonohono,51,Maize,28,USD,15,Retail,5,KG,8,2010,0.1714,WFP markets monitoring
271,Zimbabwe,3440,Mashonaland West,712,Chikonohono,51,Maize,28,USD,15,Retail,5,KG,11,2011,0.29,WFP markets monitoring
271,Zimbabwe,3440,Mashonaland West,712,Chikonohono,51,Maize,28,USD,15,Retail,5,KG,6,2013,0.29,WFP markets monitoring
271,Zimbabwe,3440,Mashonaland West,712,Chikonohono,51,Maize,28,USD,15,Retail,5,KG,7,2010,0.2,WFP markets monitoring
271,Zimbabwe,3440,Mashonaland West,712,Chikonohono,51,Maize,28,USD,15,Retail,5,KG,8,2011,0.2286,WFP markets monitoring
271,Zimbabwe,3440,Mashonaland West,712,Chikonohono,51,Maize,28,USD,15,Retail,5,KG,1,2012,0.29,WFP markets monitoring
271,Zimbabwe,3440,Mashonaland West,712,Chikonohono,51,Maize,28,USD,15,Retail,5,KG,4,2014,0.34,WFP markets monitoring
271,Zimbabwe,3440,Mashonaland West,712,Chikonohono,51,Maize,28,USD,15,Retail,5,KG,6,2010,0.2286,WFP markets monitoring
271,Zimbabwe,3440,Mashonaland West,712,Chikonohono,51,Maize,28,USD,15,Retail,5,KG,7,2014,0.29,WFP markets monitoring
271,Zimbabwe,3440,Mashonaland West,712,Chikonohono,51,Maize,28,USD,15,Retail,5,KG,5,2011,0.2286,WFP markets monitoring
271,Zimbabwe,3440,Mashonaland West,712,Chikonohono,51,Maize,28,USD,15,Retail,5,KG,2,2014,0.485,WFP markets monitoring
271,Zimbabwe,3440,Mashonaland West,712,Chikonohono,51,Maize,28,USD,15,Retail,5,KG,1,2014,0.46,WFP markets monitoring
271,Zimbabwe,3440,Mashonaland West,712,Chikonohono,51,Maize,28,USD,15,Retail,5,KG,9,2010,0.1714,WFP markets monitoring
271,Zimbabwe,3440,Mashonaland West,712,Chikonohono,51,Maize,28,USD,15,Retail,5,KG,12,2012,0.29,WFP markets monitoring
271,Zimbabwe,3440,Mashonaland West,712,Chikonohono,51,Maize,28,USD,15,Retail,5,KG,5,2014,0.31,WFP markets monitoring
271,Zimbabwe,3440,Mashonaland West,712,Chikonohono,51,Maize,28,USD,15,Retail,5,KG,11,2010,0.2286,WFP markets monitoring
271,Zimbabwe,3440,Mashonaland West,712,Chikonohono,51,Maize,28,USD,15,Retail,5,KG,3,2014,0.46,WFP markets monitoring
271,Zimbabwe,3440,Mashonaland West,712,Chikonohono,51,Maize,28,USD,15,Retail,5,KG,12,2013,0.4,WFP markets monitoring
271,Zimbabwe,3440,Mashonaland West,712,Chikonohono,51,Maize,28,USD,15,Retail,5,KG,9,2011,0.2286,WFP markets monitoring
271,Zimbabwe,3440,Mashonaland West,712,Chikonohono,51,Maize,28,USD,15,Retail,5,KG,1,2011,0.2857,WFP markets monitoring
271,Zimbabwe,3440,Mashonaland West,712,Chikonohono,51,Maize,28,USD,15,Retail,5,KG,6,2012,0.23,WFP markets monitoring
271,Zimbabwe,3440,Mashonaland West,712,Chikonohono,51,Maize,28,USD,15,Retail,5,KG,2,2013,0.29,WFP markets monitoring
271,Zimbabwe,3440,Mashonaland West,712,Chikonohono,51,Maize,28,USD,15,Retail,5,KG,12,2010,0.2857,WFP markets monitoring
271,Zimbabwe,3440,Mashonaland West,712,Chikonohono,51,Maize,28,USD,15,Retail,5,KG,12,2011,0.29,WFP markets monitoring
271,Zimbabwe,3440,Mashonaland West,712,Chikonohono,51,Maize,28,USD,15,Retail,5,KG,5,2013,0.29,WFP markets monitoring
271,Zimbabwe,3440,Mashonaland West,712,Chikonohono,51,Maize,28,USD,15,Retail,5,KG,8,2012,0.29,WFP markets monitoring
271,Zimbabwe,3438,Mashonaland Central,713,Bindura,51,Maize,28,USD,15,Retail,5,KG,2,2012,0.31,WFP markets monitoring
271,Zimbabwe,3438,Mashonaland Central,713,Bindura,51,Maize,28,USD,15,Retail,5,KG,2,2014,0.46,WFP markets monitoring
271,Zimbabwe,3438,Mashonaland Central,713,Bindura,51,Maize,28,USD,15,Retail,5,KG,8,2010,0.1714,WFP markets monitoring
271,Zimbabwe,3438,Mashonaland Central,713,Bindura,51,Maize,28,USD,15,Retail,5,KG,1,2011,0.2857,WFP markets monitoring
271,Zimbabwe,3438,Mashonaland Central,713,Bindura,51,Maize,28,USD,15,Retail,5,KG,7,2011,0.2286,WFP markets monitoring
271,Zimbabwe,3438,Mashonaland Central,713,Bindura,51,Maize,28,USD,15,Retail,5,KG,11,2013,0.4,WFP markets monitoring
271,Zimbabwe,3438,Mashonaland Central,713,Bindura,51,Maize,28,USD,15,Retail,5,KG,12,2013,0.46,WFP markets monitoring
271,Zimbabwe,3438,Mashonaland Central,713,Bindura,51,Maize,28,USD,15,Retail,5,KG,4,2012,0.29,WFP markets monitoring
271,Zimbabwe,3438,Mashonaland Central,713,Bindura,51,Maize,28,USD,15,Retail,5,KG,8,2012,0.23,WFP markets monitoring
271,Zimbabwe,3438,Mashonaland Central,713,Bindura,51,Maize,28,USD,15,Retail,5,KG,5,2014,0.29,WFP markets monitoring
271,Zimbabwe,3438,Mashonaland Central,713,Bindura,51,Maize,28,USD,15,Retail,5,KG,2,2017,0.34,AGRITEX
271,Zimbabwe,3438,Mashonaland Central,713,Bindura,51,Maize,28,USD,15,Retail,5,KG,6,2010,0.1714,WFP markets monitoring
271,Zimbabwe,3438,Mashonaland Central,713,Bindura,51,Maize,28,USD,15,Retail,5,KG,5,2011,0.2286,WFP markets monitoring
271,Zimbabwe,3438,Mashonaland Central,713,Bindura,51,Maize,28,USD,15,Retail,5,KG,12,2010,0.2857,WFP markets monitoring
271,Zimbabwe,3438,Mashonaland Central,713,Bindura,51,Maize,28,USD,15,Retail,5,KG,6,2011,0.2286,WFP markets monitoring
271,Zimbabwe,3438,Mashonaland Central,713,Bindura,51,Maize,28,USD,15,Retail,5,KG,7,2010,0.1714,WFP markets monitoring
271,Zimbabwe,3438,Mashonaland Central,713,Bindura,51,Maize,28,USD,15,Retail,5,KG,11,2012,0.29,WFP markets monitoring
271,Zimbabwe,3438,Mashonaland Central,713,Bindura,51,Maize,28,USD,15,Retail,5,KG,2,2010,0.3143,WFP markets monitoring
271,Zimbabwe,3438,Mashonaland Central,713,Bindura,51,Maize,28,USD,15,Retail,5,KG,5,2012,0.23,WFP markets monitoring
271,Zimbabwe,3438,Mashonaland Central,713,Bindura,51,Maize,28,USD,15,Retail,5,KG,3,2011,0.2857,WFP markets monitoring
271,Zimbabwe,3438,Mashonaland Central,713,Bindura,51,Maize,28,USD,15,Retail,5,KG,2,2011,0.2857,WFP markets monitoring
271,Zimbabwe,3438,Mashonaland Central,713,Bindura,51,Maize,28,USD,15,Retail,5,KG,7,2012,0.23,WFP markets monitoring
271,Zimbabwe,3438,Mashonaland Central,713,Bindura,51,Maize,28,USD,15,Retail,5,KG,9,2011,0.2286,WFP markets monitoring
271,Zimbabwe,3438,Mashonaland Central,713,Bindura,51,Maize,28,USD,15,Retail,5,KG,1,2017,0.34,AGRITEX
271,Zimbabwe,3438,Mashonaland Central,713,Bindura,51,Maize,28,USD,15,Retail,5,KG,10,2012,0.29,WFP markets monitoring
271,Zimbabwe,3438,Mashonaland Central,713,Bindura,51,Maize,28,USD,15,Retail,5,KG,4,2017,0.34,AGRITEX
271,Zimbabwe,3438,Mashonaland Central,713,Bindura,51,Maize,28,USD,15,Retail,5,KG,6,2012,0.29,WFP markets monitoring
271,Zimbabwe,3438,Mashonaland Central,713,Bindura,51,Maize,28,USD,15,Retail,5,KG,10,2013,0.34,WFP markets monitoring
271,Zimbabwe,3438,Mashonaland Central,713,Bindura,51,Maize,28,USD,15,Retail,5,KG,3,2010,0.2857,WFP markets monitoring
271,Zimbabwe,3438,Mashonaland Central,713,Bindura,51,Maize,28,USD,15,Retail,5,KG,4,2011,0.3429,WFP markets monitoring
271,Zimbabwe,3438,Mashonaland Central,713,Bindura,51,Maize,28,USD,15,Retail,5,KG,11,2011,0.29,WFP markets monitoring
271,Zimbabwe,3438,Mashonaland Central,713,Bindura,51,Maize,28,USD,15,Retail,5,KG,8,2013,0.29,WFP markets monitoring
271,Zimbabwe,3438,Mashonaland Central,713,Bindura,51,Maize,28,USD,15,Retail,5,KG,3,2012,0.29,WFP markets monitoring
271,Zimbabwe,3438,Mashonaland Central,713,Bindura,51,Maize,28,USD,15,Retail,5,KG,6,2013,0.29,WFP markets monitoring
271,Zimbabwe,3438,Mashonaland Central,713,Bindura,51,Maize,28,USD,15,Retail,5,KG,5,2010,0.2,WFP markets monitoring
271,Zimbabwe,3438,Mashonaland Central,713,Bindura,51,Maize,28,USD,15,Retail,5,KG,8,2011,0.2286,WFP markets monitoring